RestaurantID,RestaurantName,RCity,Cuisine,Orders,Revenue,Rating,CancelRate,LateRate,AvgDeliveryTime,CompositeScore,CityRank,CityRankFromBottom
884,Golden Hub,Mumbai,Seafood,18,4563.250000000001,3.4,0.3333333333333333,0.0,35.0,-0.2979766634521522,43.0,10.0
85,The House,Mumbai,North Indian,15,3927.35,3.4,0.3333333333333333,0.0,32.8,-0.2979766634521522,42.0,9.0
493,Spicy Bites,Bengaluru,Pizza,26,6332.049999999999,3.7,0.3076923076923077,0.125,38.15384615384615,-0.3030554659293135,36.0,10.0
442,Grand Treats,Lucknow,Bakery,18,3980.95,3.5,0.2777777777777778,0.1111111111111111,34.294117647058826,-0.342985052577385,37.0,10.0
1037,Blue Diner,Indore,BBQ,18,4978.099999999999,4.1,0.3888888888888889,0.18181818181818182,35.666666666666664,-0.3593336068073909,32.0,10.0
872,Curry Hub,Lucknow,Mughlai,23,6286.5,3.9,0.30434782608695654,0.21428571428571427,36.82608695652174,-0.3613006926371455,38.0,9.0
333,Blue House,Mumbai,Fast Food,15,5634.75,3.4,0.13333333333333333,0.25,35.4,-0.36539461748457874,44.0,8.0
1128,Curry Point,Visakhapatnam,Seafood,19,4410.9,3.4,0.21052631578947367,0.16666666666666666,34.22222222222222,-0.3732043316666374,36.0,10.0
169,The Corner,Raipur,South Indian,24,4254.599999999999,3.7,0.375,0.08333333333333333,40.416666666666664,-0.38955741617033296,42.0,10.0
537,Curry Kitchen,Visakhapatnam,Street Food,20,6089.3,3.8,0.1,0.42857142857142855,42.85,-0.405233888149697,37.0,9.0
99,Golden Grill,Nashik,Sushi,18,3527.1,4.1,0.3888888888888889,0.2,38.27777777777778,-0.4060814540095904,33.0,10.0
248,Grand Corner,Lucknow,North Indian,15,3250.1,4.0,0.13333333333333333,0.45454545454545453,42.4,-0.40621207750976573,39.0,8.0
62,Green Diner,Visakhapatnam,Continental,20,5973.7,3.7,0.25,0.23076923076923078,38.8,-0.4090314198465846,38.0,8.0
59,The Bites,Bhopal,Italian,23,6419.549999999999,3.8,0.34782608695652173,0.15384615384615385,35.17391304347826,-0.4118312685043453,42.0,10.0
1163,Royal Kitchen,Chandigarh,BBQ,16,3983.0499999999997,3.3,0.25,0.1111111111111111,31.5,-0.4247718616608741,41.0,10.0
1153,The Point,Nashik,South Indian,20,4481.7,3.7,0.3,0.18181818181818182,37.95,-0.42701306747473233,34.0,9.0
289,Tasty Bites,Jaipur,North Indian,20,5099.7,3.8,0.3,0.21428571428571427,36.05263157894737,-0.4296420625501626,36.0,10.0
131,Curry Cafe,Chennai,Fast Food,19,3353.25,3.9,0.42105263157894735,0.1111111111111111,40.0,-0.43176448046208116,36.0,10.0
1113,Spicy Grill,Nashik,Continental,15,3668.55,3.7,0.26666666666666666,0.2222222222222222,32.53333333333333,-0.43500301486887294,35.0,8.0
544,Blue Cafe,Lucknow,Mexican,16,4813.05,4.3,0.1875,0.5,42.6875,-0.4363617909523948,40.0,7.0
964,Blue Point,Jaipur,Burgers,17,3116.95,3.9,0.4117647058823529,0.125,36.625,-0.4407549072314924,37.0,9.0
715,Curry Cafe,Raipur,Continental,18,4129.05,3.4,0.2222222222222222,0.18181818181818182,41.05555555555556,-0.4458079438086936,43.0,9.0
450,Urban Kitchen,Raipur,Street Food,11,3707.1499999999996,3.9,0.2727272727272727,0.2857142857142857,35.27272727272727,-0.45398615977995416,44.0,8.0
298,Tasty Diner,Bengaluru,Fast Food,18,2589.35,3.6,0.3333333333333333,0.125,37.77777777777778,-0.45766950596742123,37.0,9.0
9,Royal Cafe,Bhopal,Chinese,15,3759.8,3.6,0.26666666666666666,0.2,35.93333333333333,-0.45871606067722204,43.0,9.0
486,Blue Diner,Kolkata,Mughlai,19,5381.9,3.8,0.15789473684210525,0.38461538461538464,42.68421052631579,-0.4587701250879352,42.0,10.0
981,The Point,Coimbatore,Street Food,17,4523.25,3.8,0.23529411764705882,0.3,39.3125,-0.4638772885839271,38.0,10.0
541,Royal Corner,Raipur,Burgers,15,3826.0,2.8,0.13333333333333333,0.1,38.266666666666666,-0.4648206990659902,45.0,7.0
1121,Royal Point,Visakhapatnam,Healthy Food,20,5416.099999999999,3.4,0.2,0.21428571428571427,38.65,-0.46535680405095914,39.0,7.0
555,Spicy Kitchen,Bhopal,Healthy Food,13,3430.55,2.9,0.15384615384615385,0.1111111111111111,40.30769230769231,-0.4715513136423979,44.0,8.0
1029,Curry Kitchen,Vadodara,Bakery,16,4891.750000000001,3.4,0.1875,0.23076923076923078,40.1875,-0.4717777850345457,31.0,10.0
491,Urban Kitchen,Raipur,Desserts,19,3921.1499999999996,4.0,0.47368421052631576,0.1,33.36842105263158,-0.4737588757473705,46.0,6.0
520,Green House,Vadodara,Burgers,13,1858.7,4.0,0.38461538461538464,0.2,37.92307692307692,-0.4746366347531528,32.0,9.0
767,Green Corner,Indore,Sushi,13,2780.9500000000003,3.6,0.15384615384615385,0.3333333333333333,43.84615384615385,-0.4769687660586858,33.0,9.0
243,Tasty Grill,Vadodara,Seafood,23,5776.4,3.8,0.17391304347826086,0.375,41.0,-0.4801295664778134,33.0,8.0
574,Curry Kitchen,Chennai,South Indian,19,4923.849999999999,3.0,0.21052631578947367,0.08333333333333333,36.10526315789474,-0.4823405793229278,37.0,9.0
313,Green Point,Nashik,Burgers,14,4372.65,3.3,0.07142857142857142,0.3333333333333333,39.61538461538461,-0.48241573768573787,36.0,7.0
649,The Point,Hyderabad,Healthy Food,14,2931.2,3.2,0.21428571428571427,0.14285714285714285,36.785714285714285,-0.4845006502563001,40.0,10.0
492,Grand Cafe,Chennai,Continental,15,3534.3499999999995,3.4,0.4,0.0,35.266666666666666,-0.4897649784514247,38.0,8.0
800,Grand Kitchen,Chandigarh,North Indian,19,3384.25,3.6,0.3684210526315789,0.1,33.36842105263158,-0.4943324344850666,42.0,9.0
20,Golden Point,Guwahati,Desserts,12,4533.45,3.2,0.16666666666666666,0.2,35.166666666666664,-0.49443080217801844,36.0,10.0
231,The Diner,Mumbai,Desserts,17,5912.7,2.6,0.11764705882352941,0.06666666666666667,35.1764705882353,-0.49568825717570675,45.0,7.0
831,Spicy Diner,Jaipur,Bakery,13,4196.75,2.8,0.15384615384615385,0.09090909090909091,40.61538461538461,-0.5004585646954358,38.0,8.0
497,Urban Diner,Coimbatore,Biryani,21,5633.8,3.1,0.14285714285714285,0.2,34.904761904761905,-0.5067842788924903,39.0,9.0
1107,Grand Diner,Coimbatore,North Indian,22,5389.0,3.4,0.22727272727272727,0.2,35.0,-0.5070852088138682,40.0,8.0
1178,Royal Kitchen,Chandigarh,Chinese,16,3291.3999999999996,3.7,0.3125,0.2,39.5625,-0.5097212237392954,43.0,8.0
307,Tasty Cafe,Chandigarh,Continental,12,3338.05,3.6,0.16666666666666666,0.3333333333333333,37.666666666666664,-0.5138511343277766,44.0,7.0
1148,Grand Hub,Lucknow,Bakery,19,4375.2,3.6,0.3157894736842105,0.16666666666666666,37.5,-0.5143293799287937,41.0,6.0
998,Urban Grill,Bhopal,Continental,19,3444.4000000000005,3.2,0.2631578947368421,0.1,37.0,-0.5149059932227625,45.0,7.0
1055,Royal Corner,Lucknow,Burgers,21,6162.7,3.3,0.14285714285714285,0.26666666666666666,36.285714285714285,-0.5164944449673696,42.0,5.0
631,Royal House,Hyderabad,Mughlai,18,3916.3,3.9,0.3888888888888889,0.18181818181818182,35.294117647058826,-0.5210322138072432,41.0,9.0
264,Blue Corner,Lucknow,Continental,14,4581.65,3.4,0.14285714285714285,0.3,39.57142857142857,-0.521349528004809,43.0,4.0
693,Blue Diner,Hyderabad,Desserts,11,2709.8,4.1,0.2727272727272727,0.375,46.54545454545455,-0.5218528738623317,42.0,8.0
1151,TASTY KITCHEN,Hyderabad,Fast Food,23,5810.5,3.9,0.2608695652173913,0.3333333333333333,42.91304347826087,-0.542308451544361,43.0,7.0
524,Green Point,Chennai,Burgers,16,4540.0,3.6,0.3125,0.18181818181818182,35.625,-0.5438226800370223,39.0,7.0
165,Royal Hub,Vadodara,Mexican,17,3948.65,3.7,0.23529411764705882,0.3,39.11764705882353,-0.5447265920838531,34.0,7.0
947,Grand Cafe,Chennai,North Indian,11,1609.9,3.2,0.36363636363636365,0.0,36.36363636363637,-0.5468517772698556,40.0,6.0
633,Spicy Diner,Delhi,Mexican,17,3680.75,3.3,0.29411764705882354,0.1111111111111111,35.705882352941174,-0.5516905995280396,49.0,10.0
990,Urban Corner,Indore,Burgers,17,3105.6,3.3,0.29411764705882354,0.1111111111111111,33.23529411764706,-0.5516905995280396,34.0,8.0
223,Green Diner,Surat,North Indian,20,5770.85,3.1,0.2,0.15384615384615385,33.5,-0.5525066510489206,44.0,10.0
758,Grand Diner,Guwahati,Seafood,19,3971.05,3.9,0.47368421052631576,0.1,35.421052631578945,-0.5546081792472969,37.0,9.0
97,Curry Hub,Patna,Continental,10,2912.1000000000004,3.0,0.2,0.125,36.0,-0.5591886969684342,41.0,10.0
151,Royal Bites,Chennai,Italian,14,4202.9,3.6,0.21428571428571427,0.3,39.5,-0.5651384013613197,41.0,5.0
88,Royal Kitchen,Patna,Desserts,14,2549.95,3.1,0.21428571428571427,0.14285714285714285,36.38461538461539,-0.5653499537562263,42.0,9.0
422,The Bites,Delhi,Pizza,19,1784.95,4.2,0.47368421052631576,0.2,32.31578947368421,-0.5691734283596153,50.0,9.0
888,Blue Bites,Nashik,Healthy Food,22,4751.45,3.7,0.36363636363636365,0.16666666666666666,37.40909090909091,-0.5711271924570533,37.0,6.0
864,Tasty Cafe,Jaipur,BBQ,15,4218.15,3.4,0.26666666666666666,0.18181818181818182,37.0,-0.5736668204748752,39.0,7.0
1019,Curry Grill,Nashik,Italian,19,4659.95,4.5,0.3684210526315789,0.4166666666666667,39.10526315789474,-0.5808803750907053,38.0,5.0
384,Blue Bites,Bhubaneswar,North Indian,18,4147.65,4.2,0.3888888888888889,0.3,42.111111111111114,-0.582345310121761,42.0,10.0
1127,Spicy Diner,Ahmedabad,Pizza,26,9818.300000000001,2.7,0.11538461538461539,0.13636363636363635,36.30769230769231,-0.587530381393588,44.0,10.0
193,Spicy Kitchen,Bhopal,Seafood,13,3996.95,3.4,0.07692307692307693,0.4,48.38461538461539,-0.588781936518725,46.0,6.0
500,Spicy Corner,Bhubaneswar,Mughlai,16,4080.2000000000003,3.6,0.3125,0.2,37.5625,-0.5905705272392218,43.0,9.0
1021,Blue Cafe,Nagpur,Street Food,16,3367.6000000000004,3.6,0.3125,0.2,31.1875,-0.5905705272392218,28.0,10.0
645,Tasty Cafe,Lucknow,Burgers,19,5316.1,2.6,0.21052631578947367,0.0,29.210526315789473,-0.5914768269792183,44.0,3.0
628,The House,Ludhiana,North Indian,25,5392.0,3.6,0.24,0.2857142857142857,43.125,-0.6023834429164536,37.0,10.0
371,Urban Treats,Kolkata,South Indian,19,3347.4500000000003,3.5,0.3684210526315789,0.1111111111111111,32.421052631578945,-0.6037498668307815,43.0,9.0
539,Green Hub,Nagpur,Continental,21,3218.4,4.0,0.3333333333333333,0.3076923076923077,37.476190476190474,-0.6039982566436635,29.0,9.0
700,Tasty Hub,Ahmedabad,Biryani,15,2549.55,3.6,0.2,0.3333333333333333,37.357142857142854,-0.6097452918274128,45.0,9.0
113,Grand House,Ahmedabad,Biryani,19,3173.4,3.7,0.5263157894736842,0.0,27.31578947368421,-0.6106054542660562,46.0,8.0
1158,Spicy Diner,Hyderabad,BBQ,21,4821.900000000001,2.9,0.23809523809523808,0.07142857142857142,33.38095238095238,-0.6118921306757497,44.0,6.0
274,The Point,Bengaluru,Mexican,15,2970.0,3.7,0.4,0.14285714285714285,40.266666666666666,-0.6145215816832132,38.0,8.0
1060,Urban House,Bengaluru,Chinese,17,4090.5999999999995,3.3,0.11764705882352941,0.3333333333333333,42.705882352941174,-0.6153782249751494,39.0,7.0
1169,Curry Grill,Kolkata,Burgers,21,5221.95,3.4,0.23809523809523808,0.23076923076923078,34.857142857142854,-0.6173314169536362,44.0,8.0
680,Green Bites,Bhopal,Street Food,17,2998.8,3.6,0.4117647058823529,0.1,32.1764705882353,-0.6190245278282467,47.0,5.0
901,Urban Grill,Bengaluru,Mughlai,17,4585.85,3.1,0.11764705882352941,0.2727272727272727,37.470588235294116,-0.6212506746343366,40.0,6.0
179,The Point,Bhubaneswar,Desserts,19,4149.25,3.6,0.42105263157894735,0.09090909090909091,35.05263157894737,-0.6223703385149714,44.0,8.0
338,Blue Hub,Delhi,Mughlai,21,3427.9,3.8,0.38095238095238093,0.2,35.65,-0.6257974222475507,51.0,8.0
489,Urban Hub,Ludhiana,Mughlai,27,5575.2,3.9,0.3333333333333333,0.2857142857142857,37.74074074074074,-0.6283391734156563,38.0,9.0
658,Spicy Cafe,Vadodara,South Indian,17,3391.3,3.2,0.29411764705882354,0.1111111111111111,35.705882352941174,-0.6325399030279656,35.0,6.0
510,The Kitchen,Coimbatore,Fast Food,21,5733.6,2.7,0.19047619047619047,0.07142857142857142,34.38095238095238,-0.6365990841046931,41.0,7.0
1028,Tasty Point,Mumbai,Sushi,17,3758.600000000001,3.0,0.17647058823529413,0.18181818181818182,40.23529411764706,-0.6375857259461528,46.0,6.0
655,Tasty Kitchen,Patna,Thai,17,3584.05,3.9,0.29411764705882354,0.3333333333333333,38.470588235294116,-0.6379573554442539,43.0,8.0
603,Spicy Point,Coimbatore,Unknown,17,3882.05,3.7,0.29411764705882354,0.2727272727272727,36.8235294117647,-0.6438298051034411,42.0,6.0
1105,Golden Bites,Jaipur,Sushi,19,4629.15,3.8,0.3684210526315789,0.2222222222222222,34.89473684210526,-0.6468832447888888,40.0,6.0
1134,Tasty Diner,Chennai,Bakery,26,6644.95,3.1,0.23076923076923078,0.15789473684210525,36.16,-0.6514337745551473,42.0,4.0
644,Blue Bites,Guwahati,Healthy Food,24,4838.35,3.6,0.375,0.15384615384615385,40.17391304347826,-0.6517044604223792,38.0,8.0
703,GREEN CAFE,Mumbai,North Indian,19,2257.5,3.6,0.3157894736842105,0.2222222222222222,33.578947368421055,-0.6571700241577366,47.0,5.0
111,Spicy Grill,Chennai,Desserts,13,3738.6,4.0,0.23076923076923078,0.4444444444444444,40.38461538461539,-0.6605470501314118,43.0,3.0
770,Urban Kitchen,Chandigarh,South Indian,13,4113.900000000001,4.0,0.23076923076923078,0.4444444444444444,42.69230769230769,-0.6605470501314118,45.0,6.0
567,Urban Treats,Ahmedabad,Desserts,11,2995.25,3.6,0.18181818181818182,0.375,40.09090909090909,-0.6645698709084095,47.0,7.0
226,Golden House,Chandigarh,Burgers,19,3717.5,3.2,0.3157894736842105,0.1,35.26315789473684,-0.6663178208537669,46.0,5.0
1117,Royal Treats,Guwahati,Chinese,20,5091.200000000001,3.2,0.2,0.23076923076923078,40.4,-0.6694367010967615,39.0,7.0
212,Grand Hub,Hyderabad,Seafood,15,3553.7,3.1,0.2,0.2,36.285714285714285,-0.6711742631775809,45.0,5.0
145,Blue Grill,Mumbai,Italian,12,3660.05,3.7,0.25,0.3333333333333333,37.27272727272727,-0.6727372245769407,48.0,4.0
1159,Tasty Grill,Kochi,Biryani,19,4274.150000000001,3.5,0.3157894736842105,0.2,39.36842105263158,-0.6808830699660857,43.0,10.0
1058,Curry Kitchen,Bhubaneswar,Biryani,15,3583.1499999999996,3.4,0.2,0.3,40.266666666666666,-0.6857395122898997,45.0,7.0
263,Royal Treats,Raipur,Burgers,17,6504.2,3.3,0.23529411764705882,0.23076923076923078,38.0,-0.6901223878905678,47.0,5.0
400,Urban Grill,Coimbatore,Continental,21,6196.299999999999,2.8,0.19047619047619047,0.125,39.523809523809526,-0.693488973254105,43.0,5.0
862,Urban Kitchen,Coimbatore,Continental,17,4305.95,3.4,0.29411764705882354,0.2,37.625,-0.699386326794422,44.0,4.0
350,Green Treats,Lucknow,Pizza,15,4263.9,3.3,0.3333333333333333,0.125,41.86666666666667,-0.7002174164672,45.0,2.0
429,Green Bites,Surat,Mexican,15,3346.2999999999997,3.3,0.26666666666666666,0.2,33.0,-0.7012639711770009,45.0,9.0
278,Urban House,Bhubaneswar,Fast Food,19,3910.9500000000003,3.1,0.21052631578947367,0.2,41.31578947368421,-0.7014566287037817,46.0,6.0
1187,Grand House,Jaipur,Mexican,19,3135.15,3.4,0.47368421052631576,0.0,31.666666666666668,-0.7017415371348306,41.0,5.0
204,Golden Bites,Indore,Healthy Food,21,5737.45,3.3,0.19047619047619047,0.2857142857142857,43.57142857142857,-0.7024600337024873,35.0,7.0
824,Royal Bites,Delhi,Continental,19,4258.049999999999,3.7,0.2631578947368421,0.3333333333333333,40.05555555555556,-0.7105901814846918,52.0,7.0
297,Grand Grill,Nashik,Chinese,20,5171.2,3.3,0.3,0.16666666666666666,34.0,-0.7114537421392713,39.0,4.0
74,Golden Hub,Bengaluru,Biryani,20,3813.05,3.3,0.35,0.1111111111111111,29.263157894736842,-0.7124543341597825,41.0,5.0
571,Golden Point,Hyderabad,Italian,19,4986.3,3.8,0.3157894736842105,0.3076923076923077,37.94736842105263,-0.7152262544331813,46.0,4.0
10,Green Grill,Bhubaneswar,Desserts,15,4829.4,3.7,0.26666666666666666,0.3333333333333333,39.333333333333336,-0.7206843033267587,47.0,5.0
746,Green Grill,Surat,Mughlai,24,6237.15,3.3,0.3333333333333333,0.13333333333333333,38.833333333333336,-0.7216435131015415,46.0,8.0
505,BLUE HUB,Bengaluru,Healthy Food,15,1663.5500000000002,4.4,0.4666666666666667,0.3333333333333333,37.13333333333333,-0.7301041238250919,42.0,4.0
468,The Treats,Visakhapatnam,Thai,18,4193.15,3.5,0.3333333333333333,0.2,39.35294117647059,-0.7313536791764206,40.0,6.0
707,Curry House,Vadodara,Fast Food,19,3674.8500000000004,3.0,0.21052631578947367,0.18181818181818182,37.89473684210526,-0.7355580850015085,36.0,5.0
259,Green Treats,Nagpur,Healthy Food,15,3570.25,2.7,0.2,0.1,41.4,-0.7374583175651884,30.0,8.0
624,The House,Guwahati,South Indian,13,2169.0,3.4,0.23076923076923078,0.2857142857142857,38.92307692307692,-0.7375267447625609,40.0,6.0
653,The Diner,Indore,Thai,11,1561.85,3.6,0.36363636363636365,0.2,38.0,-0.7376808824943454,36.0,6.0
729,Curry Kitchen,Guwahati,South Indian,11,2944.1,4.0,0.2727272727272727,0.42857142857142855,40.27272727272727,-0.7404413700115953,41.0,5.0
158,Blue Grill,Raipur,Thai,14,3033.85,4.1,0.42857142857142855,0.2857142857142857,34.642857142857146,-0.7406238735576216,48.0,4.0
300,Curry Kitchen,Ahmedabad,South Indian,11,3536.2000000000003,3.1,0.18181818181818182,0.25,39.90909090909091,-0.7474249388929188,48.0,6.0
925,Curry Hub,Visakhapatnam,Continental,12,3614.8500000000004,2.9,0.25,0.1111111111111111,37.54545454545455,-0.7481690756605791,41.0,5.0
579,Royal House,Coimbatore,Burgers,19,4293.65,3.2,0.21052631578947367,0.25,38.89473684210526,-0.749163905009904,45.0,3.0
1198,Green Hub,Bhubaneswar,Mexican,24,5551.3,3.6,0.2916666666666667,0.2857142857142857,36.083333333333336,-0.7510193870408897,48.0,4.0
905,Grand Grill,Kochi,Biryani,20,5178.8,2.8,0.25,0.08333333333333333,36.35,-0.7575980570460339,44.0,9.0
690,The House,Bengaluru,Sushi,16,3534.8500000000004,3.2,0.4375,0.0,31.125,-0.7593445126383673,43.0,3.0
886,The Treats,Indore,South Indian,11,3352.6,4.3,0.36363636363636365,0.42857142857142855,33.63636363636363,-0.75942297996537,37.0,5.0
1126,Royal Kitchen,Visakhapatnam,Burgers,20,3612.4500000000007,3.7,0.4,0.2,40.25,-0.7614433871758404,42.0,4.0
34,Golden Corner,Ahmedabad,South Indian,15,2675.15,3.3,0.4666666666666667,0.0,34.6,-0.7624025969506232,49.0,5.0
129,Spicy House,Pune,Mexican,16,3707.15,3.7,0.3125,0.3,36.875,-0.7668343833513926,47.0,10.0
150,Green Point,Pune,North Indian,14,2927.0499999999997,3.1,0.21428571428571427,0.2222222222222222,41.285714285714285,-0.7694080169404306,48.0,9.0
744,Spicy Bites,Bengaluru,BBQ,15,3699.4999999999995,2.9,0.13333333333333333,0.25,39.285714285714285,-0.7696411349842099,44.0,2.0
163,Golden Kitchen,Kochi,BBQ,14,3627.8499999999995,3.6,0.2857142857142857,0.3,39.214285714285715,-0.7706258817176828,45.0,8.0
697,Green Grill,Patna,Fast Food,21,5861.25,3.1,0.3333333333333333,0.09090909090909091,34.04761904761905,-0.7742638099629283,44.0,7.0
1057,Urban Point,Bhopal,Thai,20,2996.55,3.4,0.5,0.0,30.5,-0.7774474509503329,48.0,4.0
83,Urban Cafe,Vadodara,Desserts,22,6575.299999999999,3.7,0.22727272727272727,0.4,43.5,-0.7787636175382839,37.0,4.0
538,Urban House,Kolkata,Chinese,16,3043.1499999999996,3.3,0.25,0.25,36.333333333333336,-0.7818734722332314,45.0,7.0
732,Spicy House,Delhi,BBQ,25,6006.55,3.4,0.24,0.29411764705882354,37.72,-0.7856881977828691,53.0,6.0
818,Green Treats,Indore,Biryani,19,4285.700000000001,3.3,0.3157894736842105,0.18181818181818182,33.8421052631579,-0.7958338297637388,38.0,4.0
364,Grand Grill,Delhi,Continental,19,3051.9,3.8,0.2631578947368421,0.4,41.8421052631579,-0.8011496510594973,54.0,5.0
779,Spicy Bites,Pune,Biryani,19,3574.1,3.0,0.3157894736842105,0.09090909090909091,33.73684210526316,-0.8046425042525199,49.0,8.0
1109,The Kitchen,Surat,Sushi,17,2832.25,3.9,0.35294117647058826,0.3333333333333333,35.411764705882355,-0.8071823392671412,47.0,7.0
77,Tasty House,Pune,Healthy Food,17,3798.25,4.0,0.4117647058823529,0.3,36.23529411764706,-0.8098536330527364,50.0,7.0
67,Tasty Bites,Chandigarh,Chinese,21,6053.3,2.8,0.09523809523809523,0.2777777777777778,37.19047619047619,-0.8123174377418807,47.0,4.0
502,Blue Diner,Ludhiana,Seafood,13,2819.7500000000005,3.4,0.38461538461538464,0.14285714285714285,36.30769230769231,-0.8128106502600831,39.0,8.0
897,Green Treats,Guwahati,BBQ,20,5136.85,3.6,0.35,0.25,39.05,-0.827008034232361,42.0,4.0
225,Urban House,Ludhiana,Bakery,15,2423.25,4.1,0.3333333333333333,0.42857142857142855,39.57142857142857,-0.8339450801473713,40.0,7.0
73,The Corner,Kochi,Healthy Food,23,6829.1,2.9,0.2608695652173913,0.13333333333333333,39.608695652173914,-0.8365751673194288,46.0,7.0
711,Tasty Cafe,Patna,Chinese,19,4966.45,3.2,0.3157894736842105,0.16666666666666666,39.73684210526316,-0.8377265939284985,45.0,6.0
1009,Golden Corner,Ludhiana,Sushi,19,5159.65,3.4,0.3157894736842105,0.23076923076923078,41.526315789473685,-0.8408441148851189,41.0,6.0
834,Tasty Kitchen,Chennai,Mexican,21,3586.3000000000006,4.0,0.3333333333333333,0.4,38.05,-0.841333480900984,44.0,2.0
1036,Tasty Cafe,Coimbatore,Sushi,17,2919.4500000000003,3.7,0.35294117647058826,0.2857142857142857,40.1764705882353,-0.8464461083564709,46.0,2.0
471,Grand Cafe,Jaipur,South Indian,21,4537.4,3.2,0.38095238095238093,0.1,35.142857142857146,-0.8537800836350103,42.0,4.0
405,Royal Corner,Pune,South Indian,19,4274.75,3.1,0.3684210526315789,0.08333333333333333,31.894736842105264,-0.8557267587160149,51.0,6.0
76,Blue Diner,Patna,Italian,18,5703.75,4.3,0.3333333333333333,0.5,44.22222222222222,-0.8558987300133027,46.0,5.0
5,Golden Diner,Pune,Chinese,15,3589.6500000000005,3.3,0.4,0.1111111111111111,38.93333333333333,-0.8562955704092369,52.0,5.0
96,Grand Cafe,Kochi,South Indian,15,3578.9500000000003,3.3,0.4,0.1111111111111111,40.266666666666666,-0.8562955704092369,47.0,6.0
149,Blue Kitchen,Pune,Fast Food,19,4011.05,3.9,0.2631578947368421,0.45454545454545453,42.72222222222222,-0.8605438891661695,53.0,4.0
765,Royal Kitchen,Kochi,Fast Food,17,4063.2999999999993,3.2,0.29411764705882354,0.2,33.470588235294116,-0.8610849337942743,48.0,5.0
285,Tasty Bites,Surat,Street Food,19,3586.2,3.4,0.2631578947368421,0.3,35.388888888888886,-0.8674337054471049,48.0,6.0
683,Grand Point,Lucknow,Desserts,15,4132.25,3.4,0.3333333333333333,0.2222222222222222,35.6,-0.869339240367924,46.0,1.0
476,BLUE TREATS,Ludhiana,Fast Food,19,3569.8,3.5,0.2631578947368421,0.3333333333333333,34.68421052631579,-0.8722887884845443,42.0,5.0
1,Curry Cafe,Vadodara,Healthy Food,17,4477.9,3.4,0.23529411764705882,0.3333333333333333,44.3125,-0.8729788891209977,38.0,3.0
931,Spicy Diner,Nashik,Street Food,11,1973.3,3.1,0.2727272727272727,0.2,36.36363636363637,-0.8803978795404233,40.0,3.0
1147,Curry Cafe,Raipur,Continental,11,1805.3,4.7,0.5454545454545454,0.4,39.72727272727273,-0.8856239041264574,49.0,3.0
1179,Royal Cafe,Chennai,South Indian,24,5147.55,3.5,0.375,0.21428571428571427,39.958333333333336,-0.8879518274241224,45.0,1.0
164,Urban Point,Kolkata,Seafood,17,1645.4,4.1,0.5882352941176471,0.16666666666666666,33.23529411764706,-0.8938617348720094,46.0,6.0
757,Spicy Diner,Mumbai,Street Food,18,4046.9,3.2,0.3888888888888889,0.1111111111111111,40.111111111111114,-0.9051801547426174,49.0,3.0
123,Grand Diner,Ludhiana,Desserts,17,2434.3,3.8,0.5294117647058824,0.14285714285714285,35.529411764705884,-0.9059672425936393,43.0,4.0
4,The Grill,Nashik,Biryani,20,3537.15,3.3,0.25,0.3,38.85,-0.9104300520392801,41.0,2.0
1168,Golden House,Visakhapatnam,Mughlai,25,7246.65,3.9,0.24,0.5,46.24,-0.9107923030140265,43.0,3.0
755,Spicy Corner,Patna,Continental,18,3903.3999999999996,3.4,0.2222222222222222,0.36363636363636365,37.77777777777778,-0.9132864158306887,47.0,4.0
784,Royal Kitchen,Ahmedabad,Mexican,25,5752.199999999999,2.8,0.32,0.06666666666666667,35.24,-0.9161235945265869,50.0,4.0
288,Golden Corner,Kolkata,Mughlai,26,5626.85,3.6,0.3076923076923077,0.3333333333333333,41.69230769230769,-0.9195571852877757,47.0,5.0
1030,The Hub,Ahmedabad,Chinese,14,2878.7000000000003,3.1,0.21428571428571427,0.2857142857142857,43.214285714285715,-0.9326544674877939,51.0,3.0
357,Tasty House,Coimbatore,Pizza,9,1535.3500000000001,3.8,0.6666666666666666,0.0,39.0,-0.9335210244488086,47.0,1.0
759,Green Diner,Kolkata,Italian,14,2693.6,3.4,0.35714285714285715,0.2222222222222222,39.285714285714285,-0.9378350671533785,48.0,4.0
444,Curry Grill,Hyderabad,Seafood,15,4951.099999999999,2.7,0.2,0.18181818181818182,36.2,-0.9478236299750863,47.0,3.0
1140,Royal Cafe,Delhi,Mexican,14,2460.6000000000004,3.6,0.2857142857142857,0.375,37.5,-0.9634607514267558,55.0,4.0
496,Green Treats,Guwahati,Burgers,13,3572.55,3.8,0.23076923076923078,0.5,48.07692307692308,-0.9650863013602075,43.0,3.0
591,Grand Point,Kochi,Fast Food,11,1396.25,3.8,0.45454545454545453,0.25,33.90909090909091,-0.9660683757540948,49.0,4.0
532,Royal Hub,Indore,Italian,16,3508.6,2.9,0.25,0.2,38.0625,-0.9767141064268878,39.0,3.0
620,Blue House,Kolkata,Sushi,25,4842.75,3.1,0.36,0.14285714285714285,31.8,-0.9845444136832071,49.0,3.0
319,Blue House,Mumbai,Unknown,17,6339.950000000001,2.9,0.17647058823529413,0.2857142857142857,42.11764705882353,-0.9855655848872191,50.0,2.0
941,Blue Bites,Surat,Biryani,24,5175.55,3.0,0.3333333333333333,0.14285714285714285,36.375,-0.9886783911834245,49.0,5.0
6,Green Corner,Nagpur,South Indian,9,1296.0,3.6,0.3333333333333333,0.3333333333333333,33.666666666666664,-0.9933219218259572,31.0,7.0
1087,Green Point,Bhubaneswar,Street Food,9,1931.05,3.8,0.3333333333333333,0.4,39.888888888888886,-1.0030320879008365,49.0,3.0
46,Green Corner,Pune,Biryani,18,3727.65,3.6,0.2777777777777778,0.4,40.72222222222222,-1.004907099067962,54.0,3.0
689,Blue Treats,Hyderabad,Fast Food,13,3489.6,4.0,0.15384615384615385,0.6666666666666666,49.23076923076923,-1.0106154174326387,48.0,2.0
984,Curry Hub,Hyderabad,Desserts,17,3569.9500000000003,3.8,0.47058823529411764,0.25,36.8235294117647,-1.0122206440694277,49.0,1.0
858,The Corner,Vadodara,Healthy Food,10,1564.1,3.9,0.5,0.25,35.7,-1.0159838324809451,39.0,2.0
54,Golden Cafe,Surat,South Indian,12,3698.2,3.7,0.3333333333333333,0.375,37.083333333333336,-1.0196031014977383,50.0,4.0
418,Tasty Treats,Raipur,Desserts,21,4272.3,4.0,0.42857142857142855,0.36363636363636365,41.55,-1.0218210936384025,50.0,2.0
946,The House,Kolkata,Seafood,19,6234.85,2.3,0.15789473684210525,0.13333333333333333,38.31578947368421,-1.0254304559974556,50.0,2.0
21,Tasty Treats,Bhopal,Mexican,19,5869.4,2.3,0.21052631578947367,0.07692307692307693,33.833333333333336,-1.0318040910267643,49.0,3.0
494,Green Corner,Mumbai,Pizza,10,3283.6499999999996,2.4,0.2,0.125,35.4,-1.0442845179679916,51.0,1.0
303,ROYAL CORNER,Ludhiana,Fast Food,17,3747.35,2.9,0.35294117647058826,0.1111111111111111,34.529411764705884,-1.0443127973506316,44.0,3.0
745,Curry Diner,Nagpur,North Indian,13,3686.0,3.7,0.23076923076923078,0.5,42.69230769230769,-1.0459356048601334,32.0,6.0
521,Blue House,Delhi,Street Food,16,4271.299999999999,3.4,0.1875,0.45454545454545453,44.8125,-1.0471359044462318,56.0,3.0
379,Curry Kitchen,Visakhapatnam,North Indian,15,2970.5,3.5,0.4,0.25,32.733333333333334,-1.0516985739817417,44.0,2.0
1011,Blue Grill,Bhubaneswar,Street Food,13,3148.95,3.1,0.38461538461538464,0.14285714285714285,39.46153846153846,-1.0553585607598617,50.0,2.0
25,Green Bites,Surat,Street Food,17,3819.1000000000004,3.4,0.35294117647058826,0.2727272727272727,39.294117647058826,-1.0556026994261074,51.0,3.0
909,Tasty Diner,Patna,Desserts,20,5340.05,2.9,0.25,0.23076923076923078,39.2,-1.0558258478459948,48.0,3.0
328,Green Treats,Kochi,Italian,17,3847.55,2.9,0.23529411764705882,0.25,38.0,-1.0629644402772147,50.0,3.0
558,Tasty Cafe,Ludhiana,Fast Food,14,2951.9500000000003,3.9,0.35714285714285715,0.42857142857142855,43.214285714285715,-1.0641395139326781,45.0,2.0
523,Spicy House,Jaipur,Biryani,18,3949.5,2.8,0.16666666666666666,0.3,38.44444444444444,-1.0749411757898208,43.0,3.0
168,Green Kitchen,Vadodara,BBQ,8,2333.0000000000005,3.2,0.25,0.3333333333333333,44.125,-1.0769837420765718,40.0,1.0
585,Tasty Cafe,Ahmedabad,Biryani,19,3827.7499999999995,3.7,0.42105263157894735,0.3,34.89473684210526,-1.0791212778403394,52.0,2.0
30,Golden Grill,Delhi,Bakery,23,6698.35,3.0,0.30434782608695654,0.21428571428571427,40.43478260869565,-1.0889444241364814,57.0,2.0
1083,Golden Kitchen,Pune,Healthy Food,15,2674.2999999999997,4.4,0.5333333333333333,0.4,42.8,-1.0933012118990957,55.0,2.0
632,The Point,Nagpur,Street Food,16,2778.3500000000004,3.4,0.3125,0.3333333333333333,38.25,-1.0950866803885373,33.0,5.0
331,Royal Treats,Indore,Thai,12,2432.05,3.7,0.25,0.5,35.583333333333336,-1.1012591572637698,40.0,2.0
552,Blue Treats,Patna,Desserts,14,3392.05,3.5,0.42857142857142855,0.25,36.42857142857143,-1.1338935661242866,49.0,2.0
50,Spicy House,Surat,Italian,14,3087.2,3.5,0.42857142857142855,0.25,36.92857142857143,-1.1338935661242866,52.0,2.0
1196,Grand Kitchen,Guwahati,Thai,21,5950.349999999999,2.7,0.23809523809523808,0.21428571428571427,35.65,-1.1408952514071695,44.0,2.0
1156,Grand Hub,Bhopal,Bakery,15,2916.25,3.0,0.4,0.14285714285714285,35.8,-1.180466706182697,50.0,2.0
1072,Golden Grill,Nagpur,Thai,15,3098.75,2.7,0.26666666666666666,0.2,36.86666666666667,-1.186359792176558,34.0,4.0
441,The Treats,Nagpur,South Indian,13,3515.5,3.4,0.3076923076923077,0.375,38.92307692307692,-1.1883862754593357,35.0,3.0
64,Urban Treats,Guwahati,BBQ,18,3347.2999999999997,3.4,0.4444444444444444,0.2222222222222222,37.94444444444444,-1.1889864320333778,45.0,1.0
551,Green Bites,Jaipur,Street Food,21,5676.849999999999,2.8,0.23809523809523808,0.26666666666666666,39.61904761904762,-1.1947242696088183,44.0,2.0
186,the kitchen,Delhi,Italian,14,2533.0,3.5,0.14285714285714285,0.6,51.142857142857146,-1.2118397033411747,58.0,1.0
675,Spicy Hub,Chandigarh,Sushi,10,2099.2,3.0,0.4,0.16666666666666666,33.8,-1.2416841251379582,48.0,3.0
1043,Curry Diner,Nagpur,Burgers,14,2019.5500000000002,3.1,0.42857142857142855,0.16666666666666666,38.642857142857146,-1.243029813780577,36.0,2.0
819,Urban Diner,Bhubaneswar,BBQ,14,2435.9,3.6,0.5714285714285714,0.16666666666666666,35.07142857142857,-1.2497582569936723,51.0,1.0
635,Tasty Corner,Jaipur,Pizza,22,4802.1,3.1,0.22727272727272727,0.4,41.27272727272727,-1.2638594385378412,45.0,1.0
349,The Kitchen,Raipur,Mughlai,12,3353.45,2.8,0.16666666666666666,0.375,42.416666666666664,-1.267776045498894,51.0,1.0
228,Curry Kitchen,Nagpur,Mughlai,15,2888.7000000000003,4.0,0.3333333333333333,0.5714285714285714,43.666666666666664,-1.282098897378865,37.0,1.0
44,Royal Grill,Chandigarh,Bakery,35,6766.400000000001,2.8,0.2571428571428571,0.2857142857142857,34.05714285714286,-1.2984948662013909,49.0,2.0
215,Urban Kitchen,Pune,Mexican,21,5455.65,2.9,0.2857142857142857,0.2857142857142857,41.80952380952381,-1.2998405548440097,56.0,1.0
469,Royal Treats,Nashik,Fast Food,14,3779.0999999999995,3.0,0.2857142857142857,0.3333333333333333,39.357142857142854,-1.341426089254606,42.0,1.0
566,Tasty Treats,Ahmedabad,Fast Food,16,4700.099999999999,2.7,0.1875,0.36363636363636365,45.0625,-1.3793417929347178,53.0,1.0
1106,Curry Cafe,Kolkata,South Indian,17,3730.95,2.9,0.23529411764705882,0.375,38.0,-1.3843558897923363,51.0,1.0
569,Grand Cafe,Kochi,BBQ,22,6564.250000000001,2.5,0.09090909090909091,0.42105263157894735,45.27272727272727,-1.410790065091195,51.0,2.0
812,Urban Bites,Patna,Seafood,16,3333.75,3.0,0.3125,0.3333333333333333,41.4375,-1.418483894388242,50.0,1.0
390,The Grill,Kochi,Mughlai,13,1594.5500000000002,3.5,0.3076923076923077,0.5,34.61538461538461,-1.428928421474531,52.0,1.0
856,Urban Point,Visakhapatnam,Mexican,26,5779.6,3.3,0.34615384615384615,0.4,44.15384615384615,-1.4441609736695584,45.0,1.0
1111,Green Bites,Bhopal,Biryani,9,2748.4,4.1,0.4444444444444444,0.6,44.111111111111114,-1.5943576882907067,51.0,1.0
833,URBAN GRILL,Surat,Biryani,19,2792.8,2.6,0.3684210526315789,0.2222222222222222,36.31578947368421,-1.6170748867880034,53.0,1.0
616,The Cafe,Indore,North Indian,13,2440.9,4.0,0.6153846153846154,0.4,31.23076923076923,-1.652745582820982,41.0,1.0
893,The House,Bengaluru,Chinese,20,3982.25,3.4,0.5,0.375,38.15,-1.741621799495698,45.0,1.0
1052,Urban Treats,Chandigarh,Street Food,16,3334.7000000000003,3.3,0.4375,0.42857142857142855,39.9375,-1.780408750333144,50.0,1.0
336,Urban Bites,Ludhiana,Italian,12,2903.35,3.4,0.3333333333333333,0.625,42.916666666666664,-1.9049339110277603,46.0,1.0
