feature,permutation_mse_increase,impurity_importance
Humidity,0.1810369148885911,0.055392963505778
PartnerRating,0.1683053519555585,0.0482106354772078
CustomerAge,0.1357857000736317,0.0677294926254095
DeliveryFee,0.127221938626468,0.0222702922725259
DistanceProxyKm,0.1074081795636857,0.0485867232018987
WeatherCondition_Cloudy,0.0459163512714894,0.0040682344108601
RestaurantType_Delivery Only,0.0397979335403192,0.0066243527783186
dow,0.038098916872974,0.02018388979267
CompletedDeliveries,0.0377869714149937,0.0669426731732305
RestaurantType_Dine-in,0.0254931444048452,0.0075179401591507
WeatherCondition_Humid,0.0220861803357081,0.0054007819731939
CustomerTenure,0.0192442843542721,0.054004771262504
